Row,Date,Year,Month,Part,Sales,Pattern
1,01/01/2024,2024,January,Part_1,1,Linear
2,01/02/2024,2024,January,Part_1,2,Linear
3,01/03/2024,2024,January,Part_1,3,Linear
4,01/04/2024,2024,January,Part_1,4,Linear
5,01/05/2024,2024,January,Part_1,5,Linear
6,01/06/2024,2024,January,Part_1,6,Linear
7,01/07/2024,2024,January,Part_1,7,Linear
8,01/08/2024,2024,January,Part_1,8,Linear
9,01/09/2024,2024,January,Part_1,9,Linear
10,01/10/2024,2024,January,Part_1,10,Linear
11,01/11/2024,2024,January,Part_1,11,Linear
12,01/12/2024,2024,January,Part_1,12,Linear
13,01/13/2024,2024,January,Part_1,13,Linear
14,01/14/2024,2024,January,Part_1,14,Linear
15,01/15/2024,2024,January,Part_1,15,Linear
16,01/16/2024,2024,January,Part_1,16,Linear
17,01/17/2024,2024,January,Part_1,17,Linear
18,01/18/2024,2024,January,Part_1,18,Linear
19,01/19/2024,2024,January,Part_1,19,Linear
20,01/20/2024,2024,January,Part_1,20,Linear
21,01/21/2024,2024,January,Part_1,21,Linear
22,01/22/2024,2024,January,Part_1,22,Linear
23,01/23/2024,2024,January,Part_1,23,Linear
24,01/24/2024,2024,January,Part_1,24,Linear
25,01/25/2024,2024,January,Part_1,25,Linear
26,01/26/2024,2024,January,Part_1,26,Linear
27,01/27/2024,2024,January,Part_1,27,Linear
28,01/28/2024,2024,January,Part_1,28,Linear
29,01/29/2024,2024,January,Part_1,29,Linear
30,01/30/2024,2024,January,Part_1,30,Linear
31,01/31/2024,2024,January,Part_1,61,Linear
32,02/01/2024,2024,February,Part_1,62,Linear
33,02/02/2024,2024,February,Part_1,63,Linear
34,02/03/2024,2024,February,Part_1,64,Linear
35,02/04/2024,2024,February,Part_1,65,Linear
36,02/05/2024,2024,February,Part_1,66,Linear
37,02/06/2024,2024,February,Part_1,67,Linear
38,02/07/2024,2024,February,Part_1,68,Linear
39,02/08/2024,2024,February,Part_1,69,Linear
40,02/09/2024,2024,February,Part_1,70,Linear
41,02/10/2024,2024,February,Part_1,71,Linear
42,02/11/2024,2024,February,Part_1,72,Linear
43,02/12/2024,2024,February,Part_1,73,Linear
44,02/13/2024,2024,February,Part_1,74,Linear
45,02/14/2024,2024,February,Part_1,75,Linear
46,02/15/2024,2024,February,Part_1,76,Linear
47,02/16/2024,2024,February,Part_1,77,Linear
48,02/17/2024,2024,February,Part_1,78,Linear
49,02/18/2024,2024,February,Part_1,79,Linear
50,02/19/2024,2024,February,Part_1,80,Linear
51,02/20/2024,2024,February,Part_1,81,Linear
52,02/21/2024,2024,February,Part_1,82,Linear
53,02/22/2024,2024,February,Part_1,83,Linear
54,02/23/2024,2024,February,Part_1,84,Linear
55,02/24/2024,2024,February,Part_1,85,Linear
56,02/25/2024,2024,February,Part_1,86,Linear
57,02/26/2024,2024,February,Part_1,87,Linear
58,02/27/2024,2024,February,Part_1,88,Linear
59,02/28/2024,2024,February,Part_1,89,Linear
60,02/29/2024,2024,February,Part_1,90,Linear
61,03/01/2024,2024,March,Part_1,121,Linear
62,03/02/2024,2024,March,Part_1,122,Linear
63,03/03/2024,2024,March,Part_1,123,Linear
64,03/04/2024,2024,March,Part_1,124,Linear
65,03/05/2024,2024,March,Part_1,125,Linear
66,03/06/2024,2024,March,Part_1,126,Linear
67,03/07/2024,2024,March,Part_1,127,Linear
68,03/08/2024,2024,March,Part_1,128,Linear
69,03/09/2024,2024,March,Part_1,129,Linear
70,03/10/2024,2024,March,Part_1,130,Linear
71,03/11/2024,2024,March,Part_1,131,Linear
72,03/12/2024,2024,March,Part_1,132,Linear
73,03/13/2024,2024,March,Part_1,133,Linear
74,03/14/2024,2024,March,Part_1,134,Linear
75,03/15/2024,2024,March,Part_1,135,Linear
76,03/16/2024,2024,March,Part_1,136,Linear
77,03/17/2024,2024,March,Part_1,137,Linear
78,03/18/2024,2024,March,Part_1,138,Linear
79,03/19/2024,2024,March,Part_1,139,Linear
80,03/20/2024,2024,March,Part_1,140,Linear
81,03/21/2024,2024,March,Part_1,141,Linear
82,03/22/2024,2024,March,Part_1,142,Linear
83,03/23/2024,2024,March,Part_1,143,Linear
84,03/24/2024,2024,March,Part_1,144,Linear
85,03/25/2024,2024,March,Part_1,145,Linear
86,03/26/2024,2024,March,Part_1,146,Linear
87,03/27/2024,2024,March,Part_1,147,Linear
88,03/28/2024,2024,March,Part_1,148,Linear
89,03/29/2024,2024,March,Part_1,149,Linear
90,03/30/2024,2024,March,Part_1,150,Linear
91,03/31/2024,2024,March,Part_1,181,Linear
92,04/01/2024,2024,April,Part_1,182,Linear
93,04/02/2024,2024,April,Part_1,183,Linear
94,04/03/2024,2024,April,Part_1,184,Linear
95,04/04/2024,2024,April,Part_1,185,Linear
96,04/05/2024,2024,April,Part_1,186,Linear
97,04/06/2024,2024,April,Part_1,187,Linear
98,04/07/2024,2024,April,Part_1,188,Linear
99,04/08/2024,2024,April,Part_1,189,Linear
100,04/09/2024,2024,April,Part_1,190,Linear
101,04/10/2024,2024,April,Part_1,191,Linear
102,04/11/2024,2024,April,Part_1,192,Linear
103,04/12/2024,2024,April,Part_1,193,Linear
104,04/13/2024,2024,April,Part_1,194,Linear
105,04/14/2024,2024,April,Part_1,195,Linear
106,04/15/2024,2024,April,Part_1,196,Linear
107,04/16/2024,2024,April,Part_1,197,Linear
108,04/17/2024,2024,April,Part_1,198,Linear
109,04/18/2024,2024,April,Part_1,199,Linear
110,04/19/2024,2024,April,Part_1,200,Linear
111,04/20/2024,2024,April,Part_1,201,Linear
112,04/21/2024,2024,April,Part_1,202,Linear
113,04/22/2024,2024,April,Part_1,203,Linear
114,04/23/2024,2024,April,Part_1,204,Linear
115,04/24/2024,2024,April,Part_1,205,Linear
116,04/25/2024,2024,April,Part_1,206,Linear
117,04/26/2024,2024,April,Part_1,207,Linear
118,04/27/2024,2024,April,Part_1,208,Linear
119,04/28/2024,2024,April,Part_1,209,Linear
120,04/29/2024,2024,April,Part_1,210,Linear
121,04/30/2024,2024,April,Part_1,241,Linear
122,05/01/2024,2024,May,Part_1,242,Linear
123,05/02/2024,2024,May,Part_1,243,Linear
124,05/03/2024,2024,May,Part_1,244,Linear
125,05/04/2024,2024,May,Part_1,245,Linear
126,05/05/2024,2024,May,Part_1,246,Linear
127,05/06/2024,2024,May,Part_1,247,Linear
128,05/07/2024,2024,May,Part_1,248,Linear
129,05/08/2024,2024,May,Part_1,249,Linear
130,05/09/2024,2024,May,Part_1,250,Linear
131,05/10/2024,2024,May,Part_1,251,Linear
132,05/11/2024,2024,May,Part_1,252,Linear
133,05/12/2024,2024,May,Part_1,253,Linear
134,05/13/2024,2024,May,Part_1,254,Linear
135,05/14/2024,2024,May,Part_1,255,Linear
136,05/15/2024,2024,May,Part_1,256,Linear
137,05/16/2024,2024,May,Part_1,257,Linear
138,05/17/2024,2024,May,Part_1,258,Linear
139,05/18/2024,2024,May,Part_1,259,Linear
140,05/19/2024,2024,May,Part_1,260,Linear
141,05/20/2024,2024,May,Part_1,261,Linear
142,05/21/2024,2024,May,Part_1,262,Linear
143,05/22/2024,2024,May,Part_1,263,Linear
144,05/23/2024,2024,May,Part_1,264,Linear
145,05/24/2024,2024,May,Part_1,265,Linear
146,05/25/2024,2024,May,Part_1,266,Linear
147,05/26/2024,2024,May,Part_1,267,Linear
148,05/27/2024,2024,May,Part_1,268,Linear
149,05/28/2024,2024,May,Part_1,269,Linear
150,05/29/2024,2024,May,Part_1,270,Linear
151,05/30/2024,2024,May,Part_1,301,Linear
152,05/31/2024,2024,May,Part_1,302,Linear
153,06/01/2024,2024,June,Part_1,303,Linear
154,06/02/2024,2024,June,Part_1,304,Linear
155,06/03/2024,2024,June,Part_1,305,Linear
156,06/04/2024,2024,June,Part_1,306,Linear
157,06/05/2024,2024,June,Part_1,307,Linear
158,06/06/2024,2024,June,Part_1,308,Linear
159,06/07/2024,2024,June,Part_1,309,Linear
160,06/08/2024,2024,June,Part_1,310,Linear
161,06/09/2024,2024,June,Part_1,311,Linear
162,06/10/2024,2024,June,Part_1,312,Linear
163,06/11/2024,2024,June,Part_1,313,Linear
164,06/12/2024,2024,June,Part_1,314,Linear
165,06/13/2024,2024,June,Part_1,315,Linear
166,06/14/2024,2024,June,Part_1,316,Linear
167,06/15/2024,2024,June,Part_1,317,Linear
168,06/16/2024,2024,June,Part_1,318,Linear
169,06/17/2024,2024,June,Part_1,319,Linear
170,06/18/2024,2024,June,Part_1,320,Linear
171,06/19/2024,2024,June,Part_1,321,Linear
172,06/20/2024,2024,June,Part_1,322,Linear
173,06/21/2024,2024,June,Part_1,323,Linear
174,06/22/2024,2024,June,Part_1,324,Linear
175,06/23/2024,2024,June,Part_1,325,Linear
176,06/24/2024,2024,June,Part_1,326,Linear
177,06/25/2024,2024,June,Part_1,327,Linear
178,06/26/2024,2024,June,Part_1,328,Linear
179,06/27/2024,2024,June,Part_1,329,Linear
180,06/28/2024,2024,June,Part_1,330,Linear
181,06/29/2024,2024,June,Part_1,361,Linear
182,06/30/2024,2024,June,Part_1,362,Linear
183,07/01/2024,2024,July,Part_1,363,Linear
184,07/02/2024,2024,July,Part_1,364,Linear
185,07/03/2024,2024,July,Part_1,365,Linear
186,07/04/2024,2024,July,Part_1,366,Linear
187,07/05/2024,2024,July,Part_1,367,Linear
188,07/06/2024,2024,July,Part_1,368,Linear
189,07/07/2024,2024,July,Part_1,369,Linear
190,07/08/2024,2024,July,Part_1,370,Linear
191,07/09/2024,2024,July,Part_1,371,Linear
192,07/10/2024,2024,July,Part_1,372,Linear
193,07/11/2024,2024,July,Part_1,373,Linear
194,07/12/2024,2024,July,Part_1,374,Linear
195,07/13/2024,2024,July,Part_1,375,Linear
196,07/14/2024,2024,July,Part_1,376,Linear
197,07/15/2024,2024,July,Part_1,377,Linear
198,07/16/2024,2024,July,Part_1,378,Linear
199,07/17/2024,2024,July,Part_1,379,Linear
200,07/18/2024,2024,July,Part_1,380,Linear
201,07/19/2024,2024,July,Part_1,381,Linear
202,07/20/2024,2024,July,Part_1,382,Linear
203,07/21/2024,2024,July,Part_1,383,Linear
204,07/22/2024,2024,July,Part_1,384,Linear
205,07/23/2024,2024,July,Part_1,385,Linear
206,07/24/2024,2024,July,Part_1,386,Linear
207,07/25/2024,2024,July,Part_1,387,Linear
208,07/26/2024,2024,July,Part_1,388,Linear
209,07/27/2024,2024,July,Part_1,389,Linear
210,07/28/2024,2024,July,Part_1,390,Linear
211,07/29/2024,2024,July,Part_1,421,Linear
212,07/30/2024,2024,July,Part_1,422,Linear
213,07/31/2024,2024,July,Part_1,423,Linear
214,08/01/2024,2024,August,Part_1,424,Linear
215,08/02/2024,2024,August,Part_1,425,Linear
216,08/03/2024,2024,August,Part_1,426,Linear
217,08/04/2024,2024,August,Part_1,427,Linear
218,08/05/2024,2024,August,Part_1,428,Linear
219,08/06/2024,2024,August,Part_1,429,Linear
220,08/07/2024,2024,August,Part_1,430,Linear
221,08/08/2024,2024,August,Part_1,431,Linear
222,08/09/2024,2024,August,Part_1,432,Linear
223,08/10/2024,2024,August,Part_1,433,Linear
224,08/11/2024,2024,August,Part_1,434,Linear
225,08/12/2024,2024,August,Part_1,435,Linear
226,08/13/2024,2024,August,Part_1,436,Linear
227,08/14/2024,2024,August,Part_1,437,Linear
228,08/15/2024,2024,August,Part_1,438,Linear
229,08/16/2024,2024,August,Part_1,439,Linear
230,08/17/2024,2024,August,Part_1,440,Linear
231,08/18/2024,2024,August,Part_1,441,Linear
232,08/19/2024,2024,August,Part_1,442,Linear
233,08/20/2024,2024,August,Part_1,443,Linear
234,08/21/2024,2024,August,Part_1,444,Linear
235,08/22/2024,2024,August,Part_1,445,Linear
236,08/23/2024,2024,August,Part_1,446,Linear
237,08/24/2024,2024,August,Part_1,447,Linear
238,08/25/2024,2024,August,Part_1,448,Linear
239,08/26/2024,2024,August,Part_1,449,Linear
240,08/27/2024,2024,August,Part_1,450,Linear
241,08/28/2024,2024,August,Part_1,481,Linear
242,08/29/2024,2024,August,Part_1,482,Linear
243,08/30/2024,2024,August,Part_1,483,Linear
244,08/31/2024,2024,August,Part_1,484,Linear
245,09/01/2024,2024,September,Part_1,485,Linear
246,09/02/2024,2024,September,Part_1,486,Linear
247,09/03/2024,2024,September,Part_1,487,Linear
248,09/04/2024,2024,September,Part_1,488,Linear
249,09/05/2024,2024,September,Part_1,489,Linear
250,09/06/2024,2024,September,Part_1,490,Linear
251,09/07/2024,2024,September,Part_1,491,Linear
252,09/08/2024,2024,September,Part_1,492,Linear
253,09/09/2024,2024,September,Part_1,493,Linear
254,09/10/2024,2024,September,Part_1,494,Linear
255,09/11/2024,2024,September,Part_1,495,Linear
256,09/12/2024,2024,September,Part_1,496,Linear
257,09/13/2024,2024,September,Part_1,497,Linear
258,09/14/2024,2024,September,Part_1,498,Linear
259,09/15/2024,2024,September,Part_1,499,Linear
260,09/16/2024,2024,September,Part_1,500,Linear
261,09/17/2024,2024,September,Part_1,501,Linear
262,09/18/2024,2024,September,Part_1,502,Linear
263,09/19/2024,2024,September,Part_1,503,Linear
264,09/20/2024,2024,September,Part_1,504,Linear
265,09/21/2024,2024,September,Part_1,505,Linear
266,09/22/2024,2024,September,Part_1,506,Linear
267,09/23/2024,2024,September,Part_1,507,Linear
268,09/24/2024,2024,September,Part_1,508,Linear
269,09/25/2024,2024,September,Part_1,509,Linear
270,09/26/2024,2024,September,Part_1,510,Linear
271,09/27/2024,2024,September,Part_1,541,Linear
272,09/28/2024,2024,September,Part_1,542,Linear
273,09/29/2024,2024,September,Part_1,543,Linear
274,09/30/2024,2024,September,Part_1,544,Linear
275,10/01/2024,2024,October,Part_1,545,Linear
276,10/02/2024,2024,October,Part_1,546,Linear
277,10/03/2024,2024,October,Part_1,547,Linear
278,10/04/2024,2024,October,Part_1,548,Linear
279,10/05/2024,2024,October,Part_1,549,Linear
280,10/06/2024,2024,October,Part_1,550,Linear
281,10/07/2024,2024,October,Part_1,551,Linear
282,10/08/2024,2024,October,Part_1,552,Linear
283,10/09/2024,2024,October,Part_1,553,Linear
284,10/10/2024,2024,October,Part_1,554,Linear
285,10/11/2024,2024,October,Part_1,555,Linear
286,10/12/2024,2024,October,Part_1,556,Linear
287,10/13/2024,2024,October,Part_1,557,Linear
288,10/14/2024,2024,October,Part_1,558,Linear
289,10/15/2024,2024,October,Part_1,559,Linear
290,10/16/2024,2024,October,Part_1,560,Linear
291,10/17/2024,2024,October,Part_1,561,Linear
292,10/18/2024,2024,October,Part_1,562,Linear
293,10/19/2024,2024,October,Part_1,563,Linear
294,10/20/2024,2024,October,Part_1,564,Linear
295,10/21/2024,2024,October,Part_1,565,Linear
296,10/22/2024,2024,October,Part_1,566,Linear
297,10/23/2024,2024,October,Part_1,567,Linear
298,10/24/2024,2024,October,Part_1,568,Linear
299,10/25/2024,2024,October,Part_1,569,Linear
300,10/26/2024,2024,October,Part_1,570,Linear
301,10/27/2024,2024,October,Part_1,601,Linear
302,10/28/2024,2024,October,Part_1,602,Linear
303,10/29/2024,2024,October,Part_1,603,Linear
304,10/30/2024,2024,October,Part_1,604,Linear
305,10/31/2024,2024,October,Part_1,605,Linear
306,11/01/2024,2024,November,Part_1,606,Linear
307,11/02/2024,2024,November,Part_1,607,Linear
308,11/03/2024,2024,November,Part_1,608,Linear
309,11/04/2024,2024,November,Part_1,609,Linear
310,11/05/2024,2024,November,Part_1,610,Linear
311,11/06/2024,2024,November,Part_1,611,Linear
312,11/07/2024,2024,November,Part_1,612,Linear
313,11/08/2024,2024,November,Part_1,613,Linear
314,11/09/2024,2024,November,Part_1,614,Linear
315,11/10/2024,2024,November,Part_1,615,Linear
316,11/11/2024,2024,November,Part_1,616,Linear
317,11/12/2024,2024,November,Part_1,617,Linear
318,11/13/2024,2024,November,Part_1,618,Linear
319,11/14/2024,2024,November,Part_1,619,Linear
320,11/15/2024,2024,November,Part_1,620,Linear
321,11/16/2024,2024,November,Part_1,621,Linear
322,11/17/2024,2024,November,Part_1,622,Linear
323,11/18/2024,2024,November,Part_1,623,Linear
324,11/19/2024,2024,November,Part_1,624,Linear
325,11/20/2024,2024,November,Part_1,625,Linear
326,11/21/2024,2024,November,Part_1,626,Linear
327,11/22/2024,2024,November,Part_1,627,Linear
328,11/23/2024,2024,November,Part_1,628,Linear
329,11/24/2024,2024,November,Part_1,629,Linear
330,11/25/2024,2024,November,Part_1,630,Linear
331,11/26/2024,2024,November,Part_1,661,Linear
332,11/27/2024,2024,November,Part_1,662,Linear
333,11/28/2024,2024,November,Part_1,663,Linear
334,11/29/2024,2024,November,Part_1,664,Linear
335,11/30/2024,2024,November,Part_1,665,Linear
336,12/01/2024,2024,December,Part_1,666,Linear
337,12/02/2024,2024,December,Part_1,667,Linear
338,12/03/2024,2024,December,Part_1,668,Linear
339,12/04/2024,2024,December,Part_1,669,Linear
340,12/05/2024,2024,December,Part_1,670,Linear
341,12/06/2024,2024,December,Part_1,671,Linear
342,12/07/2024,2024,December,Part_1,672,Linear
343,12/08/2024,2024,December,Part_1,673,Linear
344,12/09/2024,2024,December,Part_1,674,Linear
345,12/10/2024,2024,December,Part_1,675,Linear
346,12/11/2024,2024,December,Part_1,676,Linear
347,12/12/2024,2024,December,Part_1,677,Linear
348,12/13/2024,2024,December,Part_1,678,Linear
349,12/14/2024,2024,December,Part_1,679,Linear
350,12/15/2024,2024,December,Part_1,680,Linear
351,12/16/2024,2024,December,Part_1,681,Linear
352,12/17/2024,2024,December,Part_1,682,Linear
353,12/18/2024,2024,December,Part_1,683,Linear
354,12/19/2024,2024,December,Part_1,684,Linear
355,12/20/2024,2024,December,Part_1,685,Linear
356,12/21/2024,2024,December,Part_1,686,Linear
357,12/22/2024,2024,December,Part_1,687,Linear
358,12/23/2024,2024,December,Part_1,688,Linear
359,12/24/2024,2024,December,Part_1,689,Linear
360,12/25/2024,2024,December,Part_1,690,Linear
361,12/26/2024,2024,December,Part_1,721,Linear
362,12/27/2024,2024,December,Part_1,722,Linear
363,12/28/2024,2024,December,Part_1,723,Linear
364,12/29/2024,2024,December,Part_1,724,Linear
365,12/30/2024,2024,December,Part_1,725,Linear
366,12/31/2024,2024,December,Part_1,726,Linear
367,01/01/2024,2024,January,Part_2,10,Seasonal
368,01/02/2024,2024,January,Part_2,11.03955845,Seasonal
369,01/03/2024,2024,January,Part_2,12.03368322,Seasonal
370,01/04/2024,2024,January,Part_2,12.93892626,Seasonal
371,01/05/2024,2024,January,Part_2,13.71572413,Seasonal
372,01/06/2024,2024,January,Part_2,14.33012702,Seasonal
373,01/07/2024,2024,January,Part_2,14.75528258,Seasonal
374,01/08/2024,2024,January,Part_2,14.97260948,Seasonal
375,01/09/2024,2024,January,Part_2,14.97260948,Seasonal
376,01/10/2024,2024,January,Part_2,14.75528258,Seasonal
377,01/11/2024,2024,January,Part_2,14.33012702,Seasonal
378,01/12/2024,2024,January,Part_2,13.71572413,Seasonal
379,01/13/2024,2024,January,Part_2,12.93892626,Seasonal
380,01/14/2024,2024,January,Part_2,12.03368322,Seasonal
381,01/15/2024,2024,January,Part_2,11.03955845,Seasonal
382,01/16/2024,2024,January,Part_2,10,Seasonal
383,01/17/2024,2024,January,Part_2,8.960441546,Seasonal
384,01/18/2024,2024,January,Part_2,7.966316785,Seasonal
385,01/19/2024,2024,January,Part_2,7.061073739,Seasonal
386,01/20/2024,2024,January,Part_2,6.284275873,Seasonal
387,01/21/2024,2024,January,Part_2,5.669872981,Seasonal
388,01/22/2024,2024,January,Part_2,5.244717419,Seasonal
389,01/23/2024,2024,January,Part_2,5.027390523,Seasonal
390,01/24/2024,2024,January,Part_2,5.027390523,Seasonal
391,01/25/2024,2024,January,Part_2,5.244717419,Seasonal
392,01/26/2024,2024,January,Part_2,5.669872981,Seasonal
393,01/27/2024,2024,January,Part_2,6.284275873,Seasonal
394,01/28/2024,2024,January,Part_2,7.061073739,Seasonal
395,01/29/2024,2024,January,Part_2,7.966316785,Seasonal
396,01/30/2024,2024,January,Part_2,8.960441546,Seasonal
397,01/31/2024,2024,January,Part_2,10,Seasonal
398,02/01/2024,2024,February,Part_2,11.03955845,Seasonal
399,02/02/2024,2024,February,Part_2,12.03368322,Seasonal
400,02/03/2024,2024,February,Part_2,12.93892626,Seasonal
401,02/04/2024,2024,February,Part_2,13.71572413,Seasonal
402,02/05/2024,2024,February,Part_2,14.33012702,Seasonal
403,02/06/2024,2024,February,Part_2,14.75528258,Seasonal
404,02/07/2024,2024,February,Part_2,14.97260948,Seasonal
405,02/08/2024,2024,February,Part_2,14.97260948,Seasonal
406,02/09/2024,2024,February,Part_2,14.75528258,Seasonal
407,02/10/2024,2024,February,Part_2,14.33012702,Seasonal
408,02/11/2024,2024,February,Part_2,13.71572413,Seasonal
409,02/12/2024,2024,February,Part_2,12.93892626,Seasonal
410,02/13/2024,2024,February,Part_2,12.03368322,Seasonal
411,02/14/2024,2024,February,Part_2,11.03955845,Seasonal
412,02/15/2024,2024,February,Part_2,10,Seasonal
413,02/16/2024,2024,February,Part_2,8.960441546,Seasonal
414,02/17/2024,2024,February,Part_2,7.966316785,Seasonal
415,02/18/2024,2024,February,Part_2,7.061073739,Seasonal
416,02/19/2024,2024,February,Part_2,6.284275873,Seasonal
417,02/20/2024,2024,February,Part_2,5.669872981,Seasonal
418,02/21/2024,2024,February,Part_2,5.244717419,Seasonal
419,02/22/2024,2024,February,Part_2,5.027390523,Seasonal
420,02/23/2024,2024,February,Part_2,5.027390523,Seasonal
421,02/24/2024,2024,February,Part_2,5.244717419,Seasonal
422,02/25/2024,2024,February,Part_2,5.669872981,Seasonal
423,02/26/2024,2024,February,Part_2,6.284275873,Seasonal
424,02/27/2024,2024,February,Part_2,7.061073739,Seasonal
425,02/28/2024,2024,February,Part_2,7.966316785,Seasonal
426,02/29/2024,2024,February,Part_2,8.960441546,Seasonal
427,03/01/2024,2024,March,Part_2,10,Seasonal
428,03/02/2024,2024,March,Part_2,11.03955845,Seasonal
429,03/03/2024,2024,March,Part_2,12.03368322,Seasonal
430,03/04/2024,2024,March,Part_2,12.93892626,Seasonal
431,03/05/2024,2024,March,Part_2,13.71572413,Seasonal
432,03/06/2024,2024,March,Part_2,14.33012702,Seasonal
433,03/07/2024,2024,March,Part_2,14.75528258,Seasonal
434,03/08/2024,2024,March,Part_2,14.97260948,Seasonal
435,03/09/2024,2024,March,Part_2,14.97260948,Seasonal
436,03/10/2024,2024,March,Part_2,14.75528258,Seasonal
437,03/11/2024,2024,March,Part_2,14.33012702,Seasonal
438,03/12/2024,2024,March,Part_2,13.71572413,Seasonal
439,03/13/2024,2024,March,Part_2,12.93892626,Seasonal
440,03/14/2024,2024,March,Part_2,12.03368322,Seasonal
441,03/15/2024,2024,March,Part_2,11.03955845,Seasonal
442,03/16/2024,2024,March,Part_2,10,Seasonal
443,03/17/2024,2024,March,Part_2,8.960441546,Seasonal
444,03/18/2024,2024,March,Part_2,7.966316785,Seasonal
445,03/19/2024,2024,March,Part_2,7.061073739,Seasonal
446,03/20/2024,2024,March,Part_2,6.284275873,Seasonal
447,03/21/2024,2024,March,Part_2,5.669872981,Seasonal
448,03/22/2024,2024,March,Part_2,5.244717419,Seasonal
449,03/23/2024,2024,March,Part_2,5.027390523,Seasonal
450,03/24/2024,2024,March,Part_2,5.027390523,Seasonal
451,03/25/2024,2024,March,Part_2,5.244717419,Seasonal
452,03/26/2024,2024,March,Part_2,5.669872981,Seasonal
453,03/27/2024,2024,March,Part_2,6.284275873,Seasonal
454,03/28/2024,2024,March,Part_2,7.061073739,Seasonal
455,03/29/2024,2024,March,Part_2,7.966316785,Seasonal
456,03/30/2024,2024,March,Part_2,8.960441546,Seasonal
457,03/31/2024,2024,March,Part_2,10,Seasonal
458,04/01/2024,2024,April,Part_2,11.03955845,Seasonal
459,04/02/2024,2024,April,Part_2,12.03368322,Seasonal
460,04/03/2024,2024,April,Part_2,12.93892626,Seasonal
461,04/04/2024,2024,April,Part_2,13.71572413,Seasonal
462,04/05/2024,2024,April,Part_2,14.33012702,Seasonal
463,04/06/2024,2024,April,Part_2,14.75528258,Seasonal
464,04/07/2024,2024,April,Part_2,14.97260948,Seasonal
465,04/08/2024,2024,April,Part_2,14.97260948,Seasonal
466,04/09/2024,2024,April,Part_2,14.75528258,Seasonal
467,04/10/2024,2024,April,Part_2,14.33012702,Seasonal
468,04/11/2024,2024,April,Part_2,13.71572413,Seasonal
469,04/12/2024,2024,April,Part_2,12.93892626,Seasonal
470,04/13/2024,2024,April,Part_2,12.03368322,Seasonal
471,04/14/2024,2024,April,Part_2,11.03955845,Seasonal
472,04/15/2024,2024,April,Part_2,10,Seasonal
473,04/16/2024,2024,April,Part_2,8.960441546,Seasonal
474,04/17/2024,2024,April,Part_2,7.966316785,Seasonal
475,04/18/2024,2024,April,Part_2,7.061073739,Seasonal
476,04/19/2024,2024,April,Part_2,6.284275873,Seasonal
477,04/20/2024,2024,April,Part_2,5.669872981,Seasonal
478,04/21/2024,2024,April,Part_2,5.244717419,Seasonal
479,04/22/2024,2024,April,Part_2,5.027390523,Seasonal
480,04/23/2024,2024,April,Part_2,5.027390523,Seasonal
481,04/24/2024,2024,April,Part_2,5.244717419,Seasonal
482,04/25/2024,2024,April,Part_2,5.669872981,Seasonal
483,04/26/2024,2024,April,Part_2,6.284275873,Seasonal
484,04/27/2024,2024,April,Part_2,7.061073739,Seasonal
485,04/28/2024,2024,April,Part_2,7.966316785,Seasonal
486,04/29/2024,2024,April,Part_2,8.960441546,Seasonal
487,04/30/2024,2024,April,Part_2,10,Seasonal
488,05/01/2024,2024,May,Part_2,11.03955845,Seasonal
489,05/02/2024,2024,May,Part_2,12.03368322,Seasonal
490,05/03/2024,2024,May,Part_2,12.93892626,Seasonal
491,05/04/2024,2024,May,Part_2,13.71572413,Seasonal
492,05/05/2024,2024,May,Part_2,14.33012702,Seasonal
493,05/06/2024,2024,May,Part_2,14.75528258,Seasonal
494,05/07/2024,2024,May,Part_2,14.97260948,Seasonal
495,05/08/2024,2024,May,Part_2,14.97260948,Seasonal
496,05/09/2024,2024,May,Part_2,14.75528258,Seasonal
497,05/10/2024,2024,May,Part_2,14.33012702,Seasonal
498,05/11/2024,2024,May,Part_2,13.71572413,Seasonal
499,05/12/2024,2024,May,Part_2,12.93892626,Seasonal
500,05/13/2024,2024,May,Part_2,12.03368322,Seasonal
501,05/14/2024,2024,May,Part_2,11.03955845,Seasonal
502,05/15/2024,2024,May,Part_2,10,Seasonal
503,05/16/2024,2024,May,Part_2,8.960441546,Seasonal
504,05/17/2024,2024,May,Part_2,7.966316785,Seasonal
505,05/18/2024,2024,May,Part_2,7.061073739,Seasonal
506,05/19/2024,2024,May,Part_2,6.284275873,Seasonal
507,05/20/2024,2024,May,Part_2,5.669872981,Seasonal
508,05/21/2024,2024,May,Part_2,5.244717419,Seasonal
509,05/22/2024,2024,May,Part_2,5.027390523,Seasonal
510,05/23/2024,2024,May,Part_2,5.027390523,Seasonal
511,05/24/2024,2024,May,Part_2,5.244717419,Seasonal
512,05/25/2024,2024,May,Part_2,5.669872981,Seasonal
513,05/26/2024,2024,May,Part_2,6.284275873,Seasonal
514,05/27/2024,2024,May,Part_2,7.061073739,Seasonal
515,05/28/2024,2024,May,Part_2,7.966316785,Seasonal
516,05/29/2024,2024,May,Part_2,8.960441546,Seasonal
517,05/30/2024,2024,May,Part_2,10,Seasonal
518,05/31/2024,2024,May,Part_2,11.03955845,Seasonal
519,06/01/2024,2024,June,Part_2,12.03368322,Seasonal
520,06/02/2024,2024,June,Part_2,12.93892626,Seasonal
521,06/03/2024,2024,June,Part_2,13.71572413,Seasonal
522,06/04/2024,2024,June,Part_2,14.33012702,Seasonal
523,06/05/2024,2024,June,Part_2,14.75528258,Seasonal
524,06/06/2024,2024,June,Part_2,14.97260948,Seasonal
525,06/07/2024,2024,June,Part_2,14.97260948,Seasonal
526,06/08/2024,2024,June,Part_2,14.75528258,Seasonal
527,06/09/2024,2024,June,Part_2,14.33012702,Seasonal
528,06/10/2024,2024,June,Part_2,13.71572413,Seasonal
529,06/11/2024,2024,June,Part_2,12.93892626,Seasonal
530,06/12/2024,2024,June,Part_2,12.03368322,Seasonal
531,06/13/2024,2024,June,Part_2,11.03955845,Seasonal
532,06/14/2024,2024,June,Part_2,10,Seasonal
533,06/15/2024,2024,June,Part_2,8.960441546,Seasonal
534,06/16/2024,2024,June,Part_2,7.966316785,Seasonal
535,06/17/2024,2024,June,Part_2,7.061073739,Seasonal
536,06/18/2024,2024,June,Part_2,6.284275873,Seasonal
537,06/19/2024,2024,June,Part_2,5.669872981,Seasonal
538,06/20/2024,2024,June,Part_2,5.244717419,Seasonal
539,06/21/2024,2024,June,Part_2,5.027390523,Seasonal
540,06/22/2024,2024,June,Part_2,5.027390523,Seasonal
541,06/23/2024,2024,June,Part_2,5.244717419,Seasonal
542,06/24/2024,2024,June,Part_2,5.669872981,Seasonal
543,06/25/2024,2024,June,Part_2,6.284275873,Seasonal
544,06/26/2024,2024,June,Part_2,7.061073739,Seasonal
545,06/27/2024,2024,June,Part_2,7.966316785,Seasonal
546,06/28/2024,2024,June,Part_2,8.960441546,Seasonal
547,06/29/2024,2024,June,Part_2,10,Seasonal
548,06/30/2024,2024,June,Part_2,11.03955845,Seasonal
549,07/01/2024,2024,July,Part_2,12.03368322,Seasonal
550,07/02/2024,2024,July,Part_2,12.93892626,Seasonal
551,07/03/2024,2024,July,Part_2,13.71572413,Seasonal
552,07/04/2024,2024,July,Part_2,14.33012702,Seasonal
553,07/05/2024,2024,July,Part_2,14.75528258,Seasonal
554,07/06/2024,2024,July,Part_2,14.97260948,Seasonal
555,07/07/2024,2024,July,Part_2,14.97260948,Seasonal
556,07/08/2024,2024,July,Part_2,14.75528258,Seasonal
557,07/09/2024,2024,July,Part_2,14.33012702,Seasonal
558,07/10/2024,2024,July,Part_2,13.71572413,Seasonal
559,07/11/2024,2024,July,Part_2,12.93892626,Seasonal
560,07/12/2024,2024,July,Part_2,12.03368322,Seasonal
561,07/13/2024,2024,July,Part_2,11.03955845,Seasonal
562,07/14/2024,2024,July,Part_2,10,Seasonal
563,07/15/2024,2024,July,Part_2,8.960441546,Seasonal
564,07/16/2024,2024,July,Part_2,7.966316785,Seasonal
565,07/17/2024,2024,July,Part_2,7.061073739,Seasonal
566,07/18/2024,2024,July,Part_2,6.284275873,Seasonal
567,07/19/2024,2024,July,Part_2,5.669872981,Seasonal
568,07/20/2024,2024,July,Part_2,5.244717419,Seasonal
569,07/21/2024,2024,July,Part_2,5.027390523,Seasonal
570,07/22/2024,2024,July,Part_2,5.027390523,Seasonal
571,07/23/2024,2024,July,Part_2,5.244717419,Seasonal
572,07/24/2024,2024,July,Part_2,5.669872981,Seasonal
573,07/25/2024,2024,July,Part_2,6.284275873,Seasonal
574,07/26/2024,2024,July,Part_2,7.061073739,Seasonal
575,07/27/2024,2024,July,Part_2,7.966316785,Seasonal
576,07/28/2024,2024,July,Part_2,8.960441546,Seasonal
577,07/29/2024,2024,July,Part_2,10,Seasonal
578,07/30/2024,2024,July,Part_2,11.03955845,Seasonal
579,07/31/2024,2024,July,Part_2,12.03368322,Seasonal
580,08/01/2024,2024,August,Part_2,12.93892626,Seasonal
581,08/02/2024,2024,August,Part_2,13.71572413,Seasonal
582,08/03/2024,2024,August,Part_2,14.33012702,Seasonal
583,08/04/2024,2024,August,Part_2,14.75528258,Seasonal
584,08/05/2024,2024,August,Part_2,14.97260948,Seasonal
585,08/06/2024,2024,August,Part_2,14.97260948,Seasonal
586,08/07/2024,2024,August,Part_2,14.75528258,Seasonal
587,08/08/2024,2024,August,Part_2,14.33012702,Seasonal
588,08/09/2024,2024,August,Part_2,13.71572413,Seasonal
589,08/10/2024,2024,August,Part_2,12.93892626,Seasonal
590,08/11/2024,2024,August,Part_2,12.03368322,Seasonal
591,08/12/2024,2024,August,Part_2,11.03955845,Seasonal
592,08/13/2024,2024,August,Part_2,10,Seasonal
593,08/14/2024,2024,August,Part_2,8.960441546,Seasonal
594,08/15/2024,2024,August,Part_2,7.966316785,Seasonal
595,08/16/2024,2024,August,Part_2,7.061073739,Seasonal
596,08/17/2024,2024,August,Part_2,6.284275873,Seasonal
597,08/18/2024,2024,August,Part_2,5.669872981,Seasonal
598,08/19/2024,2024,August,Part_2,5.244717419,Seasonal
599,08/20/2024,2024,August,Part_2,5.027390523,Seasonal
600,08/21/2024,2024,August,Part_2,5.027390523,Seasonal
601,08/22/2024,2024,August,Part_2,5.244717419,Seasonal
602,08/23/2024,2024,August,Part_2,5.669872981,Seasonal
603,08/24/2024,2024,August,Part_2,6.284275873,Seasonal
604,08/25/2024,2024,August,Part_2,7.061073739,Seasonal
605,08/26/2024,2024,August,Part_2,7.966316785,Seasonal
606,08/27/2024,2024,August,Part_2,8.960441546,Seasonal
607,08/28/2024,2024,August,Part_2,10,Seasonal
608,08/29/2024,2024,August,Part_2,11.03955845,Seasonal
609,08/30/2024,2024,August,Part_2,12.03368322,Seasonal
610,08/31/2024,2024,August,Part_2,12.93892626,Seasonal
611,09/01/2024,2024,September,Part_2,13.71572413,Seasonal
612,09/02/2024,2024,September,Part_2,14.33012702,Seasonal
613,09/03/2024,2024,September,Part_2,14.75528258,Seasonal
614,09/04/2024,2024,September,Part_2,14.97260948,Seasonal
615,09/05/2024,2024,September,Part_2,14.97260948,Seasonal
616,09/06/2024,2024,September,Part_2,14.75528258,Seasonal
617,09/07/2024,2024,September,Part_2,14.33012702,Seasonal
618,09/08/2024,2024,September,Part_2,13.71572413,Seasonal
619,09/09/2024,2024,September,Part_2,12.93892626,Seasonal
620,09/10/2024,2024,September,Part_2,12.03368322,Seasonal
621,09/11/2024,2024,September,Part_2,11.03955845,Seasonal
622,09/12/2024,2024,September,Part_2,10,Seasonal
623,09/13/2024,2024,September,Part_2,8.960441546,Seasonal
624,09/14/2024,2024,September,Part_2,7.966316785,Seasonal
625,09/15/2024,2024,September,Part_2,7.061073739,Seasonal
626,09/16/2024,2024,September,Part_2,6.284275873,Seasonal
627,09/17/2024,2024,September,Part_2,5.669872981,Seasonal
628,09/18/2024,2024,September,Part_2,5.244717419,Seasonal
629,09/19/2024,2024,September,Part_2,5.027390523,Seasonal
630,09/20/2024,2024,September,Part_2,5.027390523,Seasonal
631,09/21/2024,2024,September,Part_2,5.244717419,Seasonal
632,09/22/2024,2024,September,Part_2,5.669872981,Seasonal
633,09/23/2024,2024,September,Part_2,6.284275873,Seasonal
634,09/24/2024,2024,September,Part_2,7.061073739,Seasonal
635,09/25/2024,2024,September,Part_2,7.966316785,Seasonal
636,09/26/2024,2024,September,Part_2,8.960441546,Seasonal
637,09/27/2024,2024,September,Part_2,10,Seasonal
638,09/28/2024,2024,September,Part_2,11.03955845,Seasonal
639,09/29/2024,2024,September,Part_2,12.03368322,Seasonal
640,09/30/2024,2024,September,Part_2,12.93892626,Seasonal
641,10/01/2024,2024,October,Part_2,13.71572413,Seasonal
642,10/02/2024,2024,October,Part_2,14.33012702,Seasonal
643,10/03/2024,2024,October,Part_2,14.75528258,Seasonal
644,10/04/2024,2024,October,Part_2,14.97260948,Seasonal
645,10/05/2024,2024,October,Part_2,14.97260948,Seasonal
646,10/06/2024,2024,October,Part_2,14.75528258,Seasonal
647,10/07/2024,2024,October,Part_2,14.33012702,Seasonal
648,10/08/2024,2024,October,Part_2,13.71572413,Seasonal
649,10/09/2024,2024,October,Part_2,12.93892626,Seasonal
650,10/10/2024,2024,October,Part_2,12.03368322,Seasonal
651,10/11/2024,2024,October,Part_2,11.03955845,Seasonal
652,10/12/2024,2024,October,Part_2,10,Seasonal
653,10/13/2024,2024,October,Part_2,8.960441546,Seasonal
654,10/14/2024,2024,October,Part_2,7.966316785,Seasonal
655,10/15/2024,2024,October,Part_2,7.061073739,Seasonal
656,10/16/2024,2024,October,Part_2,6.284275873,Seasonal
657,10/17/2024,2024,October,Part_2,5.669872981,Seasonal
658,10/18/2024,2024,October,Part_2,5.244717419,Seasonal
659,10/19/2024,2024,October,Part_2,5.027390523,Seasonal
660,10/20/2024,2024,October,Part_2,5.027390523,Seasonal
661,10/21/2024,2024,October,Part_2,5.244717419,Seasonal
662,10/22/2024,2024,October,Part_2,5.669872981,Seasonal
663,10/23/2024,2024,October,Part_2,6.284275873,Seasonal
664,10/24/2024,2024,October,Part_2,7.061073739,Seasonal
665,10/25/2024,2024,October,Part_2,7.966316785,Seasonal
666,10/26/2024,2024,October,Part_2,8.960441546,Seasonal
667,10/27/2024,2024,October,Part_2,10,Seasonal
668,10/28/2024,2024,October,Part_2,11.03955845,Seasonal
669,10/29/2024,2024,October,Part_2,12.03368322,Seasonal
670,10/30/2024,2024,October,Part_2,12.93892626,Seasonal
671,10/31/2024,2024,October,Part_2,13.71572413,Seasonal
672,11/01/2024,2024,November,Part_2,14.33012702,Seasonal
673,11/02/2024,2024,November,Part_2,14.75528258,Seasonal
674,11/03/2024,2024,November,Part_2,14.97260948,Seasonal
675,11/04/2024,2024,November,Part_2,14.97260948,Seasonal
676,11/05/2024,2024,November,Part_2,14.75528258,Seasonal
677,11/06/2024,2024,November,Part_2,14.33012702,Seasonal
678,11/07/2024,2024,November,Part_2,13.71572413,Seasonal
679,11/08/2024,2024,November,Part_2,12.93892626,Seasonal
680,11/09/2024,2024,November,Part_2,12.03368322,Seasonal
681,11/10/2024,2024,November,Part_2,11.03955845,Seasonal
682,11/11/2024,2024,November,Part_2,10,Seasonal
683,11/12/2024,2024,November,Part_2,8.960441546,Seasonal
684,11/13/2024,2024,November,Part_2,7.966316785,Seasonal
685,11/14/2024,2024,November,Part_2,7.061073739,Seasonal
686,11/15/2024,2024,November,Part_2,6.284275873,Seasonal
687,11/16/2024,2024,November,Part_2,5.669872981,Seasonal
688,11/17/2024,2024,November,Part_2,5.244717419,Seasonal
689,11/18/2024,2024,November,Part_2,5.027390523,Seasonal
690,11/19/2024,2024,November,Part_2,5.027390523,Seasonal
691,11/20/2024,2024,November,Part_2,5.244717419,Seasonal
692,11/21/2024,2024,November,Part_2,5.669872981,Seasonal
693,11/22/2024,2024,November,Part_2,6.284275873,Seasonal
694,11/23/2024,2024,November,Part_2,7.061073739,Seasonal
695,11/24/2024,2024,November,Part_2,7.966316785,Seasonal
696,11/25/2024,2024,November,Part_2,8.960441546,Seasonal
697,11/26/2024,2024,November,Part_2,10,Seasonal
698,11/27/2024,2024,November,Part_2,11.03955845,Seasonal
699,11/28/2024,2024,November,Part_2,12.03368322,Seasonal
700,11/29/2024,2024,November,Part_2,12.93892626,Seasonal
701,11/30/2024,2024,November,Part_2,13.71572413,Seasonal
702,12/01/2024,2024,December,Part_2,14.33012702,Seasonal
703,12/02/2024,2024,December,Part_2,14.75528258,Seasonal
704,12/03/2024,2024,December,Part_2,14.97260948,Seasonal
705,12/04/2024,2024,December,Part_2,14.97260948,Seasonal
706,12/05/2024,2024,December,Part_2,14.75528258,Seasonal
707,12/06/2024,2024,December,Part_2,14.33012702,Seasonal
708,12/07/2024,2024,December,Part_2,13.71572413,Seasonal
709,12/08/2024,2024,December,Part_2,12.93892626,Seasonal
710,12/09/2024,2024,December,Part_2,12.03368322,Seasonal
711,12/10/2024,2024,December,Part_2,11.03955845,Seasonal
712,12/11/2024,2024,December,Part_2,10,Seasonal
713,12/12/2024,2024,December,Part_2,8.960441546,Seasonal
714,12/13/2024,2024,December,Part_2,7.966316785,Seasonal
715,12/14/2024,2024,December,Part_2,7.061073739,Seasonal
716,12/15/2024,2024,December,Part_2,6.284275873,Seasonal
717,12/16/2024,2024,December,Part_2,5.669872981,Seasonal
718,12/17/2024,2024,December,Part_2,5.244717419,Seasonal
719,12/18/2024,2024,December,Part_2,5.027390523,Seasonal
720,12/19/2024,2024,December,Part_2,5.027390523,Seasonal
721,12/20/2024,2024,December,Part_2,5.244717419,Seasonal
722,12/21/2024,2024,December,Part_2,5.669872981,Seasonal
723,12/22/2024,2024,December,Part_2,6.284275873,Seasonal
724,12/23/2024,2024,December,Part_2,7.061073739,Seasonal
725,12/24/2024,2024,December,Part_2,7.966316785,Seasonal
726,12/25/2024,2024,December,Part_2,8.960441546,Seasonal
727,12/26/2024,2024,December,Part_2,10,Seasonal
728,12/27/2024,2024,December,Part_2,11.03955845,Seasonal
729,12/28/2024,2024,December,Part_2,12.03368322,Seasonal
730,12/29/2024,2024,December,Part_2,12.93892626,Seasonal
731,12/30/2024,2024,December,Part_2,13.71572413,Seasonal
732,12/31/2024,2024,December,Part_2,10,Seasonal
733,01/01/2024,2024,January,Part_3,0,Stationary
734,01/02/2024,2024,January,Part_3,-0.024336684,Stationary
735,01/03/2024,2024,January,Part_3,1.872705537,Stationary
736,01/04/2024,2024,January,Part_3,2.467398261,Stationary
737,01/05/2024,2024,January,Part_3,0.703462657,Stationary
738,01/06/2024,2024,January,Part_3,-1.930432978,Stationary
739,01/07/2024,2024,January,Part_3,2.65252186,Stationary
740,01/08/2024,2024,January,Part_3,-0.58411873,Stationary
741,01/09/2024,2024,January,Part_3,0.348138357,Stationary
742,01/10/2024,2024,January,Part_3,0.596490458,Stationary
743,01/11/2024,2024,January,Part_3,-0.391710493,Stationary
744,01/12/2024,2024,January,Part_3,0.995827044,Stationary
745,01/13/2024,2024,January,Part_3,-1.170033648,Stationary
746,01/14/2024,2024,January,Part_3,-1.244605755,Stationary
747,01/15/2024,2024,January,Part_3,-0.371936545,Stationary
748,01/16/2024,2024,January,Part_3,-0.849747359,Stationary
749,01/17/2024,2024,January,Part_3,0.420846292,Stationary
750,01/18/2024,2024,January,Part_3,-2.393362098,Stationary
751,01/19/2024,2024,January,Part_3,-0.087017081,Stationary
752,01/20/2024,2024,January,Part_3,-1.643961307,Stationary
753,01/21/2024,2024,January,Part_3,-2.013296968,Stationary
754,01/22/2024,2024,January,Part_3,3.081452849,Stationary
755,01/23/2024,2024,January,Part_3,0.293490708,Stationary
756,01/24/2024,2024,January,Part_3,-1.306601219,Stationary
757,01/25/2024,2024,January,Part_3,3.52924654,Stationary
758,01/26/2024,2024,January,Part_3,-2.998964736,Stationary
759,01/27/2024,2024,January,Part_3,2.414527083,Stationary
760,01/28/2024,2024,January,Part_3,0.843855499,Stationary
761,01/29/2024,2024,January,Part_3,2.92520611,Stationary
762,01/30/2024,2024,January,Part_3,1.230704317,Stationary
763,01/31/2024,2024,January,Part_3,0.02514711,Stationary
764,02/01/2024,2024,February,Part_3,1.562773548,Stationary
765,02/02/2024,2024,February,Part_3,0.028176494,Stationary
766,02/03/2024,2024,February,Part_3,0.112232325,Stationary
767,02/04/2024,2024,February,Part_3,2.709682185,Stationary
768,02/05/2024,2024,February,Part_3,1.41866401,Stationary
769,02/06/2024,2024,February,Part_3,1.799097274,Stationary
770,02/07/2024,2024,February,Part_3,0.489416063,Stationary
771,02/08/2024,2024,February,Part_3,-1.289706666,Stationary
772,02/09/2024,2024,February,Part_3,0.167697171,Stationary
773,02/10/2024,2024,February,Part_3,-0.871405777,Stationary
774,02/11/2024,2024,February,Part_3,-0.685867864,Stationary
775,02/12/2024,2024,February,Part_3,-0.763050119,Stationary
776,02/13/2024,2024,February,Part_3,3.05180254,Stationary
777,02/14/2024,2024,February,Part_3,-3.154552338,Stationary
778,02/15/2024,2024,February,Part_3,-0.667980574,Stationary
779,02/16/2024,2024,February,Part_3,-1.554279513,Stationary
780,02/17/2024,2024,February,Part_3,1.336160955,Stationary
781,02/18/2024,2024,February,Part_3,-2.996631249,Stationary
782,02/19/2024,2024,February,Part_3,0.924359701,Stationary
783,02/20/2024,2024,February,Part_3,-0.997129173,Stationary
784,02/21/2024,2024,February,Part_3,1.157213496,Stationary
785,02/22/2024,2024,February,Part_3,-0.815034531,Stationary
786,02/23/2024,2024,February,Part_3,-0.369827047,Stationary
787,02/24/2024,2024,February,Part_3,1.669776851,Stationary
788,02/25/2024,2024,February,Part_3,1.181669661,Stationary
789,02/26/2024,2024,February,Part_3,0.552588243,Stationary
790,02/27/2024,2024,February,Part_3,1.312752541,Stationary
791,02/28/2024,2024,February,Part_3,0.268449055,Stationary
792,02/29/2024,2024,February,Part_3,1.565705689,Stationary
793,03/01/2024,2024,March,Part_3,1.029839172,Stationary
794,03/02/2024,2024,March,Part_3,1.65246574,Stationary
795,03/03/2024,2024,March,Part_3,0.840531641,Stationary
796,03/04/2024,2024,March,Part_3,0.292106726,Stationary
797,03/05/2024,2024,March,Part_3,2.980506611,Stationary
798,03/06/2024,2024,March,Part_3,0.335195813,Stationary
799,03/07/2024,2024,March,Part_3,-0.503261848,Stationary
800,03/08/2024,2024,March,Part_3,2.610307498,Stationary
801,03/09/2024,2024,March,Part_3,-1.07008062,Stationary
802,03/10/2024,2024,March,Part_3,1.041916865,Stationary
803,03/11/2024,2024,March,Part_3,0.551989604,Stationary
804,03/12/2024,2024,March,Part_3,-0.914510543,Stationary
805,03/13/2024,2024,March,Part_3,0.533619908,Stationary
806,03/14/2024,2024,March,Part_3,-2.979469551,Stationary
807,03/15/2024,2024,March,Part_3,0.9430427,Stationary
808,03/16/2024,2024,March,Part_3,-1.826710186,Stationary
809,03/17/2024,2024,March,Part_3,-0.925545512,Stationary
810,03/18/2024,2024,March,Part_3,-0.402177277,Stationary
811,03/19/2024,2024,March,Part_3,-0.337945913,Stationary
812,03/20/2024,2024,March,Part_3,-0.109079992,Stationary
813,03/21/2024,2024,March,Part_3,-1.535718075,Stationary
814,03/22/2024,2024,March,Part_3,1.940820765,Stationary
815,03/23/2024,2024,March,Part_3,-0.352490943,Stationary
816,03/24/2024,2024,March,Part_3,-1.701906126,Stationary
817,03/25/2024,2024,March,Part_3,3.541822775,Stationary
818,03/26/2024,2024,March,Part_3,1.132792545,Stationary
819,03/27/2024,2024,March,Part_3,0.197293287,Stationary
820,03/28/2024,2024,March,Part_3,-0.281906541,Stationary
821,03/29/2024,2024,March,Part_3,0.31441526,Stationary
822,03/30/2024,2024,March,Part_3,3.41932911,Stationary
823,03/31/2024,2024,March,Part_3,-0.11807022,Stationary
824,04/01/2024,2024,April,Part_3,2.965180471,Stationary
825,04/02/2024,2024,April,Part_3,0.279954669,Stationary
826,04/03/2024,2024,April,Part_3,1.973607104,Stationary
827,04/04/2024,2024,April,Part_3,0.456525227,Stationary
828,04/05/2024,2024,April,Part_3,1.264609663,Stationary
829,04/06/2024,2024,April,Part_3,0.029082415,Stationary
830,04/07/2024,2024,April,Part_3,2.292697369,Stationary
831,04/08/2024,2024,April,Part_3,-1.358958401,Stationary
832,04/09/2024,2024,April,Part_3,0.357750375,Stationary
833,04/10/2024,2024,April,Part_3,1.356005771,Stationary
834,04/11/2024,2024,April,Part_3,-3.54531265,Stationary
835,04/12/2024,2024,April,Part_3,-0.399523803,Stationary
836,04/13/2024,2024,April,Part_3,1.634638661,Stationary
837,04/14/2024,2024,April,Part_3,-2.836644875,Stationary
838,04/15/2024,2024,April,Part_3,2.377186137,Stationary
839,04/16/2024,2024,April,Part_3,-3.09679862,Stationary
840,04/17/2024,2024,April,Part_3,-1.027960592,Stationary
841,04/18/2024,2024,April,Part_3,2.065153792,Stationary
842,04/19/2024,2024,April,Part_3,-0.919225101,Stationary
843,04/20/2024,2024,April,Part_3,0.072641277,Stationary
844,04/21/2024,2024,April,Part_3,-1.086669865,Stationary
845,04/22/2024,2024,April,Part_3,-1.684597239,Stationary
846,04/23/2024,2024,April,Part_3,3.071290638,Stationary
847,04/24/2024,2024,April,Part_3,-1.660741429,Stationary
848,04/25/2024,2024,April,Part_3,1.795615329,Stationary
849,04/26/2024,2024,April,Part_3,1.059198464,Stationary
850,04/27/2024,2024,April,Part_3,-0.025464195,Stationary
851,04/28/2024,2024,April,Part_3,1.97433251,Stationary
852,04/29/2024,2024,April,Part_3,1.602252063,Stationary
853,04/30/2024,2024,April,Part_3,0.793777314,Stationary
854,05/01/2024,2024,May,Part_3,-0.136267868,Stationary
855,05/02/2024,2024,May,Part_3,2.691763726,Stationary
856,05/03/2024,2024,May,Part_3,2.233390769,Stationary
857,05/04/2024,2024,May,Part_3,-0.94415589,Stationary
858,05/05/2024,2024,May,Part_3,1.459336211,Stationary
859,05/06/2024,2024,May,Part_3,0.439636551,Stationary
860,05/07/2024,2024,May,Part_3,2.801744176,Stationary
861,05/08/2024,2024,May,Part_3,-0.876968971,Stationary
862,05/09/2024,2024,May,Part_3,-0.182159816,Stationary
863,05/10/2024,2024,May,Part_3,-1.302533473,Stationary
864,05/11/2024,2024,May,Part_3,0.994762374,Stationary
865,05/12/2024,2024,May,Part_3,-1.690379718,Stationary
866,05/13/2024,2024,May,Part_3,0.100920173,Stationary
867,05/14/2024,2024,May,Part_3,-1.361801398,Stationary
868,05/15/2024,2024,May,Part_3,0.572720919,Stationary
869,05/16/2024,2024,May,Part_3,-0.839400932,Stationary
870,05/17/2024,2024,May,Part_3,-1.479014333,Stationary
871,05/18/2024,2024,May,Part_3,-0.000937578,Stationary
872,05/19/2024,2024,May,Part_3,-1.965866087,Stationary
873,05/20/2024,2024,May,Part_3,-0.712598976,Stationary
874,05/21/2024,2024,May,Part_3,1.805493731,Stationary
875,05/22/2024,2024,May,Part_3,-0.190045101,Stationary
876,05/23/2024,2024,May,Part_3,0.768357942,Stationary
877,05/24/2024,2024,May,Part_3,2.265440233,Stationary
878,05/25/2024,2024,May,Part_3,-0.713509725,Stationary
879,05/26/2024,2024,May,Part_3,-0.942898821,Stationary
880,05/27/2024,2024,May,Part_3,3.106636379,Stationary
881,05/28/2024,2024,May,Part_3,-1.227680653,Stationary
882,05/29/2024,2024,May,Part_3,2.148447567,Stationary
883,05/30/2024,2024,May,Part_3,1.732901454,Stationary
884,05/31/2024,2024,May,Part_3,3.121142781,Stationary
885,06/01/2024,2024,June,Part_3,-1.163972782,Stationary
886,06/02/2024,2024,June,Part_3,1.123559329,Stationary
887,06/03/2024,2024,June,Part_3,1.80478388,Stationary
888,06/04/2024,2024,June,Part_3,0.34937713,Stationary
889,06/05/2024,2024,June,Part_3,2.515269771,Stationary
890,06/06/2024,2024,June,Part_3,-1.689240535,Stationary
891,06/07/2024,2024,June,Part_3,0.232462856,Stationary
892,06/08/2024,2024,June,Part_3,0.792321712,Stationary
893,06/09/2024,2024,June,Part_3,-0.185367969,Stationary
894,06/10/2024,2024,June,Part_3,2.113161613,Stationary
895,06/11/2024,2024,June,Part_3,-1.456909113,Stationary
896,06/12/2024,2024,June,Part_3,-1.467112612,Stationary
897,06/13/2024,2024,June,Part_3,-2.007111522,Stationary
898,06/14/2024,2024,June,Part_3,1.330240041,Stationary
899,06/15/2024,2024,June,Part_3,-2.584136778,Stationary
900,06/16/2024,2024,June,Part_3,-1.238680511,Stationary
901,06/17/2024,2024,June,Part_3,2.127557843,Stationary
902,06/18/2024,2024,June,Part_3,-1.347885046,Stationary
903,06/19/2024,2024,June,Part_3,0.28951332,Stationary
904,06/20/2024,2024,June,Part_3,-0.727286733,Stationary
905,06/21/2024,2024,June,Part_3,0.620776064,Stationary
906,06/22/2024,2024,June,Part_3,-1.207856205,Stationary
907,06/23/2024,2024,June,Part_3,0.134109647,Stationary
908,06/24/2024,2024,June,Part_3,2.440992923,Stationary
909,06/25/2024,2024,June,Part_3,-0.570601291,Stationary
910,06/26/2024,2024,June,Part_3,1.190657752,Stationary
911,06/27/2024,2024,June,Part_3,1.43926032,Stationary
912,06/28/2024,2024,June,Part_3,1.767136424,Stationary
913,06/29/2024,2024,June,Part_3,0.968085384,Stationary
914,06/30/2024,2024,June,Part_3,0.318601072,Stationary
915,07/01/2024,2024,July,Part_3,2.025457652,Stationary
916,07/02/2024,2024,July,Part_3,-0.374541703,Stationary
917,07/03/2024,2024,July,Part_3,3.925432469,Stationary
918,07/04/2024,2024,July,Part_3,-1.312886215,Stationary
919,07/05/2024,2024,July,Part_3,1.222829879,Stationary
920,07/06/2024,2024,July,Part_3,1.673875314,Stationary
921,07/07/2024,2024,July,Part_3,-0.491728076,Stationary
922,07/08/2024,2024,July,Part_3,2.365250696,Stationary
923,07/09/2024,2024,July,Part_3,-2.961027068,Stationary
924,07/10/2024,2024,July,Part_3,1.245504888,Stationary
925,07/11/2024,2024,July,Part_3,-0.783131554,Stationary
926,07/12/2024,2024,July,Part_3,-1.734053726,Stationary
927,07/13/2024,2024,July,Part_3,0.997245397,Stationary
928,07/14/2024,2024,July,Part_3,-1.434381446,Stationary
929,07/15/2024,2024,July,Part_3,0.203778428,Stationary
930,07/16/2024,2024,July,Part_3,-0.642411159,Stationary
931,07/17/2024,2024,July,Part_3,0.734488749,Stationary
932,07/18/2024,2024,July,Part_3,-1.303505866,Stationary
933,07/19/2024,2024,July,Part_3,-2.020112679,Stationary
934,07/20/2024,2024,July,Part_3,0.004647098,Stationary
935,07/21/2024,2024,July,Part_3,1.421711878,Stationary
936,07/22/2024,2024,July,Part_3,-0.144395865,Stationary
937,07/23/2024,2024,July,Part_3,0.502194691,Stationary
938,07/24/2024,2024,July,Part_3,-1.531932008,Stationary
939,07/25/2024,2024,July,Part_3,2.507032811,Stationary
940,07/26/2024,2024,July,Part_3,0.363093081,Stationary
941,07/27/2024,2024,July,Part_3,2.223198554,Stationary
942,07/28/2024,2024,July,Part_3,0.916049773,Stationary
943,07/29/2024,2024,July,Part_3,2.347887752,Stationary
944,07/30/2024,2024,July,Part_3,0.746597761,Stationary
945,07/31/2024,2024,July,Part_3,1.763234508,Stationary
946,08/01/2024,2024,August,Part_3,-0.047504013,Stationary
947,08/02/2024,2024,August,Part_3,0.598770707,Stationary
948,08/03/2024,2024,August,Part_3,1.448799454,Stationary
949,08/04/2024,2024,August,Part_3,1.118184842,Stationary
950,08/05/2024,2024,August,Part_3,0.913499045,Stationary
951,08/06/2024,2024,August,Part_3,2.180157215,Stationary
952,08/07/2024,2024,August,Part_3,-2.218892998,Stationary
953,08/08/2024,2024,August,Part_3,-1.038843411,Stationary
954,08/09/2024,2024,August,Part_3,0.295560333,Stationary
955,08/10/2024,2024,August,Part_3,-0.594412065,Stationary
956,08/11/2024,2024,August,Part_3,0.339834402,Stationary
957,08/12/2024,2024,August,Part_3,-2.71640325,Stationary
958,08/13/2024,2024,August,Part_3,0.864500555,Stationary
959,08/14/2024,2024,August,Part_3,-0.64631391,Stationary
960,08/15/2024,2024,August,Part_3,-0.618450263,Stationary
961,08/16/2024,2024,August,Part_3,-1.434740151,Stationary
962,08/17/2024,2024,August,Part_3,-0.117403527,Stationary
963,08/18/2024,2024,August,Part_3,-1.500542071,Stationary
964,08/19/2024,2024,August,Part_3,0.805585463,Stationary
965,08/20/2024,2024,August,Part_3,0.033131512,Stationary
966,08/21/2024,2024,August,Part_3,1.258911522,Stationary
967,08/22/2024,2024,August,Part_3,-1.054905583,Stationary
968,08/23/2024,2024,August,Part_3,2.662536096,Stationary
969,08/24/2024,2024,August,Part_3,1.627689334,Stationary
970,08/25/2024,2024,August,Part_3,-2.487671704,Stationary
971,08/26/2024,2024,August,Part_3,3.701486802,Stationary
972,08/27/2024,2024,August,Part_3,1.544774066,Stationary
973,08/28/2024,2024,August,Part_3,0.025213394,Stationary
974,08/29/2024,2024,August,Part_3,1.579723665,Stationary
975,08/30/2024,2024,August,Part_3,1.558515998,Stationary
976,08/31/2024,2024,August,Part_3,1.040332744,Stationary
977,09/01/2024,2024,September,Part_3,1.065575776,Stationary
978,09/02/2024,2024,September,Part_3,-0.452587946,Stationary
979,09/03/2024,2024,September,Part_3,3.553490934,Stationary
980,09/04/2024,2024,September,Part_3,0.444613923,Stationary
981,09/05/2024,2024,September,Part_3,-1.592982851,Stationary
982,09/06/2024,2024,September,Part_3,-0.570386964,Stationary
983,09/07/2024,2024,September,Part_3,1.862333642,Stationary
984,09/08/2024,2024,September,Part_3,-1.411255738,Stationary
985,09/09/2024,2024,September,Part_3,0.240943267,Stationary
986,09/10/2024,2024,September,Part_3,-1.066524627,Stationary
987,09/11/2024,2024,September,Part_3,0.316742407,Stationary
988,09/12/2024,2024,September,Part_3,-0.736348062,Stationary
989,09/13/2024,2024,September,Part_3,-2.159904976,Stationary
990,09/14/2024,2024,September,Part_3,-1.351891338,Stationary
991,09/15/2024,2024,September,Part_3,-0.804817488,Stationary
992,09/16/2024,2024,September,Part_3,1.716519911,Stationary
993,09/17/2024,2024,September,Part_3,-2.113641528,Stationary
994,09/18/2024,2024,September,Part_3,0.556887341,Stationary
995,09/19/2024,2024,September,Part_3,-0.00682458,Stationary
996,09/20/2024,2024,September,Part_3,0.843746742,Stationary
997,09/21/2024,2024,September,Part_3,-1.366385614,Stationary
998,09/22/2024,2024,September,Part_3,2.850213965,Stationary
999,09/23/2024,2024,September,Part_3,1.249515319,Stationary
1000,09/24/2024,2024,September,Part_3,0.641328929,Stationary
1001,09/25/2024,2024,September,Part_3,0.805934787,Stationary
1002,09/26/2024,2024,September,Part_3,1.702411099,Stationary
1003,09/27/2024,2024,September,Part_3,1.641204633,Stationary
1004,09/28/2024,2024,September,Part_3,-1.832080648,Stationary
1005,09/29/2024,2024,September,Part_3,6.022629826,Stationary
1006,09/30/2024,2024,September,Part_3,-0.360575939,Stationary
1007,10/01/2024,2024,October,Part_3,0.034295961,Stationary
1008,10/02/2024,2024,October,Part_3,1.175858099,Stationary
1009,10/03/2024,2024,October,Part_3,1.609850715,Stationary
1010,10/04/2024,2024,October,Part_3,-0.092518821,Stationary
1011,10/05/2024,2024,October,Part_3,-1.614580529,Stationary
1012,10/06/2024,2024,October,Part_3,4.177850434,Stationary
1013,10/07/2024,2024,October,Part_3,-2.300189081,Stationary
1014,10/08/2024,2024,October,Part_3,0.816310477,Stationary
1015,10/09/2024,2024,October,Part_3,-2.189020425,Stationary
1016,10/10/2024,2024,October,Part_3,1.623183856,Stationary
1017,10/11/2024,2024,October,Part_3,-1.944158127,Stationary
1018,10/12/2024,2024,October,Part_3,-0.417058309,Stationary
1019,10/13/2024,2024,October,Part_3,-2.393655655,Stationary
1020,10/14/2024,2024,October,Part_3,1.562273895,Stationary
1021,10/15/2024,2024,October,Part_3,-1.126570171,Stationary
1022,10/16/2024,2024,October,Part_3,0.135230199,Stationary
1023,10/17/2024,2024,October,Part_3,-2.244336681,Stationary
1024,10/18/2024,2024,October,Part_3,0.021904879,Stationary
1025,10/19/2024,2024,October,Part_3,2.867616921,Stationary
1026,10/20/2024,2024,October,Part_3,-3.06393252,Stationary
1027,10/21/2024,2024,October,Part_3,1.441393017,Stationary
1028,10/22/2024,2024,October,Part_3,1.997996626,Stationary
1029,10/23/2024,2024,October,Part_3,-0.124763503,Stationary
1030,10/24/2024,2024,October,Part_3,1.562026578,Stationary
1031,10/25/2024,2024,October,Part_3,0.222840337,Stationary
1032,10/26/2024,2024,October,Part_3,2.063629678,Stationary
1033,10/27/2024,2024,October,Part_3,-0.337024285,Stationary
1034,10/28/2024,2024,October,Part_3,4.304215985,Stationary
1035,10/29/2024,2024,October,Part_3,-0.482169963,Stationary
1036,10/30/2024,2024,October,Part_3,0.643228887,Stationary
1037,10/31/2024,2024,October,Part_3,2.423359152,Stationary
1038,11/01/2024,2024,November,Part_3,-0.212699978,Stationary
1039,11/02/2024,2024,November,Part_3,-0.148383121,Stationary
1040,11/03/2024,2024,November,Part_3,0.504867861,Stationary
1041,11/04/2024,2024,November,Part_3,2.340490658,Stationary
1042,11/05/2024,2024,November,Part_3,-0.770673486,Stationary
1043,11/06/2024,2024,November,Part_3,-0.099283684,Stationary
1044,11/07/2024,2024,November,Part_3,0.897042474,Stationary
1045,11/08/2024,2024,November,Part_3,-2.681367481,Stationary
1046,11/09/2024,2024,November,Part_3,-0.20909499,Stationary
1047,11/10/2024,2024,November,Part_3,-0.348326818,Stationary
1048,11/11/2024,2024,November,Part_3,-0.260327056,Stationary
1049,11/12/2024,2024,November,Part_3,-0.876081495,Stationary
1050,11/13/2024,2024,November,Part_3,-0.938840502,Stationary
1051,11/14/2024,2024,November,Part_3,-0.379982256,Stationary
1052,11/15/2024,2024,November,Part_3,-0.52247674,Stationary
1053,11/16/2024,2024,November,Part_3,-0.926702004,Stationary
1054,11/17/2024,2024,November,Part_3,-0.218544163,Stationary
1055,11/18/2024,2024,November,Part_3,1.170182451,Stationary
1056,11/19/2024,2024,November,Part_3,-0.865431441,Stationary
1057,11/20/2024,2024,November,Part_3,0.250886719,Stationary
1058,11/21/2024,2024,November,Part_3,1.570218571,Stationary
1059,11/22/2024,2024,November,Part_3,1.069028126,Stationary
1060,11/23/2024,2024,November,Part_3,3.491188379,Stationary
1061,11/24/2024,2024,November,Part_3,-1.756180727,Stationary
1062,11/25/2024,2024,November,Part_3,2.942085762,Stationary
1063,11/26/2024,2024,November,Part_3,1.143486063,Stationary
1064,11/27/2024,2024,November,Part_3,-0.596574835,Stationary
1065,11/28/2024,2024,November,Part_3,3.256322694,Stationary
1066,11/29/2024,2024,November,Part_3,-0.751890572,Stationary
1067,11/30/2024,2024,November,Part_3,-0.398493732,Stationary
1068,12/01/2024,2024,December,Part_3,4.179894654,Stationary
1069,12/02/2024,2024,December,Part_3,-1.637054545,Stationary
1070,12/03/2024,2024,December,Part_3,2.724151941,Stationary
1071,12/04/2024,2024,December,Part_3,-0.83494536,Stationary
1072,12/05/2024,2024,December,Part_3,2.426234799,Stationary
1073,12/06/2024,2024,December,Part_3,-0.716196959,Stationary
1074,12/07/2024,2024,December,Part_3,-1.836298095,Stationary
1075,12/08/2024,2024,December,Part_3,-0.711249673,Stationary
1076,12/09/2024,2024,December,Part_3,-1.131482838,Stationary
1077,12/10/2024,2024,December,Part_3,0.07903001,Stationary
1078,12/11/2024,2024,December,Part_3,-0.578991317,Stationary
1079,12/12/2024,2024,December,Part_3,-0.823896503,Stationary
1080,12/13/2024,2024,December,Part_3,-0.172727362,Stationary
1081,12/14/2024,2024,December,Part_3,-0.183425404,Stationary
1082,12/15/2024,2024,December,Part_3,-0.705664907,Stationary
1083,12/16/2024,2024,December,Part_3,-1.428201272,Stationary
1084,12/17/2024,2024,December,Part_3,-0.798803112,Stationary
1085,12/18/2024,2024,December,Part_3,2.884996427,Stationary
1086,12/19/2024,2024,December,Part_3,-1.753981033,Stationary
1087,12/20/2024,2024,December,Part_3,0.55448248,Stationary
1088,12/21/2024,2024,December,Part_3,0.85625985,Stationary
1089,12/22/2024,2024,December,Part_3,-0.407477346,Stationary
1090,12/23/2024,2024,December,Part_3,2.441893412,Stationary
1091,12/24/2024,2024,December,Part_3,1.203561236,Stationary
1092,12/25/2024,2024,December,Part_3,2.394138874,Stationary
1093,12/26/2024,2024,December,Part_3,1.417657305,Stationary
1094,12/27/2024,2024,December,Part_3,0.644872194,Stationary
1095,12/28/2024,2024,December,Part_3,2.222202246,Stationary
1096,12/29/2024,2024,December,Part_3,0.613359656,Stationary
1097,12/30/2024,2024,December,Part_3,0.721150771,Stationary
1098,12/31/2024,2024,December,Part_3,0,Stationary
